Fecha;NO(µg/m³);NO2(µg/m³);PM10(µg/m³);NOx(µg/m³);PM2.5(µg/m³)
2018-10-17;32;60;44;109;21
2018-10-18;51;62;29;141;21
2018-10-24;50;76;48;153;29
2018-10-26;38;63;52;121;28
2018-10-28;5;11;8;19;5
2018-10-30;22;37;17;72;11
2018-11-02;68;48;37;153;21
2018-11-03;23;38;24;72;14
2018-11-04;18;35;24;62;14
2018-11-07;23;36;20;71;9
2018-11-11;12;26;17;43;10
2018-11-12;37;44;36;100;23
2018-11-14;23;40;43;75;31
2018-11-18;15;33;19;56;14
2018-11-19;26;38;18;78;14
2018-11-20;21;37;16;68;11
2018-11-21;40;42;28;103;13
2018-11-24;33;40;22;91;11
2018-12-01;;;28;;16
2018-12-02;;;26;;16
2018-12-07;;;44;;31
2018-12-10;;;41;;21
2018-12-13;35;50;19;103;13
2018-12-16;10;25;11;39;7
2018-12-17;65;62;29;162;13
2018-12-21;32;37;22;86;13
2018-12-22;26;30;21;69;13
2018-12-23;19;28;26;57;20
2018-12-24;29;33;42;78;29
2018-12-28;52;54;46;133;34
2019-01-01;15;32;32;54;22
2019-01-03;50;48;47;125;27
2019-01-09;;;44;;22
2019-01-11;59;61;46;152;21
2019-01-28;24;40;25;77;8
2019-01-29;21;34;23;65;8
2019-02-01;10;23;19;39;5
2019-02-02;11;19;17;36;6
2019-02-04;33;53;28;104;13
2019-02-06;52;59;49;138;27
2019-02-08;41;54;55;116;40
2019-02-09;25;48;56;86;44
2019-02-11;39;48;29;106;14
2019-02-14;24;55;32;91;19
2019-02-15;22;49;47;83;31
2019-02-22;55;65;79;149;46
2019-02-23;17;47;62;73;37
2019-02-24;;;57;;39
2019-02-27;34;67;58;119;30
2019-03-03;22;42;43;76;21
2019-03-04;20;34;38;64;14
2019-03-06;20;39;47;70;31
2019-03-10;15;40;34;63;20
2019-03-11;26;42;35;82;19
2019-03-14;23;41;31;77;14
2019-03-17;12;27;54;45;31
2019-03-19;5;12;28;20;19
2019-03-26;15;33;32;55;18
2019-03-28;17;40;28;66;16
2019-03-29;15;40;30;63;18
2019-03-31;3;8;18;12;16
2019-04-08;22;29;11;63;5
2019-04-18;10;28;23;43;18
2019-04-22;13;37;42;57;27
2019-04-24;10;25;14;41;6
2019-04-25;13;27;15;46;6
2019-04-27;12;29;20;47;11
2019-04-29;7;17;23;27;16
2019-05-03;24;38;27;76;17
2019-05-04;12;27;17;44;10
2019-05-05;8;19;19;31;10
2019-05-06;16;27;24;51;13
2019-05-07;19;32;41;60;30
2019-05-08;15;21;30;45;14
2019-05-09;17;27;14;54;4
2019-05-12;8;24;23;35;12
2019-05-13;12;29;25;48;15
2019-05-16;11;30;26;47;15
2019-05-18;8;26;17;38;8
2019-05-22;17;30;23;56;14
2019-05-23;16;36;28;60;16
2019-05-30;17;34;24;59;11
2019-06-03;13;30;21;49;11
2019-06-07;16;28;25;52;11
2019-06-08;9;19;30;33;13
2019-06-09;7;21;25;32;12
2019-06-11;12;25;23;43;9
2019-06-12;10;20;13;35;6
2019-06-17;11;20;22;36;14
2019-06-18;10;20;19;36;12
2019-06-25;;;16;;11
2019-06-29;13;44;18;65;11
2019-07-01;13;34;19;53;15
2019-07-05;16;38;16;63;13
2019-07-09;17;36;21;62;12
2019-07-10;13;34;18;54;11
2019-07-24;20;53;23;84;13
2019-07-25;17;46;19;71;12
2019-07-26;16;37;21;62;15
2019-07-27;11;27;24;44;11
2019-07-31;17;32;12;58;7
2019-08-01;11;28;12;45;7
2019-08-05;10;27;17;43;10
2019-08-11;7;16;17;26;12
2019-08-18;7;13;12;24;9
2019-08-22;14;29;13;51;7
2019-08-25;4;12;17;18;13
2019-08-28;16;32;17;57;10
2019-09-04;15;29;12;52;9
2019-09-05;14;29;12;50;7
2019-09-06;15;27;11;49;6
2019-09-07;11;25;12;42;7
2019-09-10;14;27;14;49;6
2019-09-16;12;40;;59;
2019-09-18;18;39;;66;
2019-09-21;3;14;26;19;16
2019-09-22;4;8;15;14;8
2019-09-23;18;29;20;56;8
2019-09-25;17;25;22;50;9
2019-09-27;16;33;29;58;17
2019-09-29;4;18;26;24;17
2019-10-03;21;35;23;67;8
2019-10-06;8;20;25;31;15
2019-10-08;29;39;31;83;15
2019-10-10;15;26;18;49;9
2019-10-15;17;28;13;54;5
2019-10-18;23;35;24;71;11
2019-10-26;20;41;24;72;16
2019-10-27;7;25;26;36;20
2019-10-29;39;52;52;111;39
2019-11-09;9;15;9;29;4
2019-11-11;21;25;13;58;5
2019-11-17;12;22;9;41;6
2019-11-20;31;43;20;91;11
2019-11-22;37;41;17;98;12
2019-11-23;10;20;9;36;4
2019-11-25;18;28;11;54;6
2019-11-26;26;32;14;72;7
2019-11-30;17;32;14;58;9
2019-12-03;18;28;13;55;10
2019-12-04;21;30;7;62;5
2019-12-07;28;31;26;73;18
2019-12-09;27;28;14;69;7
2019-12-10;38;35;17;93;8
2019-12-12;14;20;10;41;5
2019-12-13;11;19;12;36;5
2019-12-14;9;17;8;31;4
2019-12-16;34;34;26;86;16
2019-12-19;43;43;32;109;18
2019-12-20;15;23;;45;
2019-12-21;5;5;;12;
2019-12-24;21;29;16;61;10
2019-12-26;55;41;30;126;16
2019-12-27;38;36;32;95;22
2019-12-30;28;34;38;77;31
2020-01-03;45;34;45;103;39
2020-01-04;24;30;31;67;26
2020-01-15;60;41;50;132;32
2020-01-16;61;37;48;130;33
2020-01-18;14;21;19;42;13
2020-01-25;;;69;;45
2020-01-28;;;12;;6
2020-01-31;28;33;14;77;8
2020-02-01;13;25;10;45;6
2020-02-03;53;43;31;125;15
2020-02-04;45;43;41;112;19
2020-02-06;25;35;27;74;19
2020-02-10;29;34;18;78;10
2020-02-11;34;39;26;91;16
2020-02-13;33;48;49;99;41
2020-02-15;14;27;35;49;31
2020-02-19;21;34;19;66;15
2020-02-22;25;40;33;79;29
2020-02-24;58;57;32;147;20
2020-02-26;29;47;26;91;13
2020-02-27;27;38;40;81;17
2020-03-02;14;21;30;41;7
2020-03-03;15;22;13;46;6
2020-03-04;30;31;12;77;6
2020-03-09;34;41;21;93;10
2020-03-11;50;65;36;141;25
2020-03-14;13;29;16;48;12
2020-03-22;7;10;12;21;10
2020-03-25;9;20;12;34;10
2020-03-26;10;15;16;30;13
2020-03-28;6;11;16;20;14
2020-03-29;6;9;13;18;11
2020-04-01;5;10;4;18;2
2020-04-04;4;12;13;18;11
2020-04-06;5;14;16;21;15
2020-04-08;8;20;20;32;18
2020-04-09;7;18;20;30;17
2020-04-13;5;9;14;16;13
2020-04-20;7;16;6;26;5
2020-04-21;9;23;4;36;3
2020-04-28;8;14;4;26;3
2020-04-29;9;17;4;31;2
2020-04-30;9;15;5;29;2
2020-05-01;6;7;3;17;1
2020-05-05;10;23;4;38;2
2020-05-10;5;6;1;13;1
2020-05-14;5;14;9;22;6
2020-05-15;8;17;12;29;7
2020-05-16;5;11;11;19;7
2020-05-20;7;18;19;28;11
2020-05-22;7;20;21;32;15
2020-05-24;5;6;;13;
2020-05-25;8;18;22;30;9
2020-06-03;7;23;17;33;10
2020-06-04;6;20;26;30;16
2020-06-05;7;19;18;29;11
2020-06-06;6;19;22;28;14
2020-06-07;5;8;;15;
2020-06-09;8;16;5;27;2
2020-06-10;7;14;3;25;1
2020-06-11;8;17;9;29;3
2020-06-16;6;17;14;27;7
2020-06-23;8;21;14;34;8
2020-06-24;6;16;13;25;7
2020-06-26;7;27;13;37;6
2020-06-27;6;20;14;29;8
2020-06-29;8;22;22;35;13
2020-07-01;13;30;30;50;13
2020-07-04;8;17;19;29;10
2020-07-05;7;18;14;29;8
2020-07-06;15;42;34;65;11
2020-07-09;15;34;26;58;9
2020-07-14;10;33;26;48;11
2020-07-19;7;15;11;25;6
2020-07-25;7;22;12;32;6
2020-07-26;6;15;12;25;7
2020-07-30;11;31;18;47;10
2020-08-01;7;27;21;38;13
2020-08-02;7;19;17;29;11
2020-08-04;16;25;9;49;5
2020-08-11;7;25;;35;
2020-08-12;9;34;;48;
2020-08-17;11;33;6;49;5
2020-08-24;8;24;4;36;4
2020-08-26;9;27;5;40;4
2020-08-30;8;18;2;31;2
2020-09-06;9;24;4;37;4
2020-09-10;11;40;6;56;5
2020-09-12;7;25;6;35;6
2020-09-17;13;34;14;54;13
2020-09-20;9;17;3;31;3
2020-09-21;18;32;4;60;4
2020-09-22;14;30;6;50;5
2020-09-24;24;30;4;67;4
2020-09-25;9;18;3;31;2
2020-09-30;14;36;4;57;3
2020-10-01;18;44;6;71;6
2020-10-06;21;50;3;82;3
2020-10-11;5;9;2;17;2
2020-10-18;6;25;4;34;4
2020-10-19;12;42;4;60;3
2020-10-21;21;68;7;100;7
2020-10-26;12;25;1;43;1
2020-10-27;16;37;3;61;2
2020-10-28;16;52;4;76;4
2020-10-31;13;41;10;61;9
2020-11-04;6;20;2;28;1
2020-11-06;6;20;6;28;6
2020-11-15;11;24;5;40;5
2020-11-18;15;49;11;73;11
2020-11-23;24;58;7;94;6
2020-11-25;33;69;11;120;11
2020-12-05;6;33;3;42;2
2020-12-15;29;29;5;73;5
2020-12-16;41;37;6;100;6
2020-12-27;10;17;4;33;4
2020-12-30;15;19;3;42;2
2021-01-02;5;8;2;15;2
2021-01-06;;;6;;5
2021-01-07;;;6;;5
2021-01-11;26;24;6;64;6
2021-01-13;35;31;9;85;9
2021-01-17;9;16;6;30;6
2021-01-19;32;27;9;76;9
2021-01-20;54;33;12;116;12
2021-01-21;10;12;2;27;1
2021-01-23;7;8;2;18;1
2021-01-27;68;24;5;129;4
2021-02-05;9;14;9;27;9
2021-02-06;12;12;7;31;7
2021-02-08;11;11;2;28;1
2021-02-16;25;25;20;64;19
2021-02-18;12;19;61;37;60
2021-02-20;7;10;44;20;43
2021-02-21;6;9;27;18;25
2021-02-27;9;14;43;27;42
2021-03-05;17;20;48;46;46
2021-03-06;6;11;44;21;43
2021-03-07;5;9;31;16;30
2021-03-14;6;11;7;20;6
2021-03-18;11;19;11;36;10
2021-03-19;7;9;10;19;9
2021-03-22;13;17;11;37;10
2021-03-23;13;18;21;38;20
2021-03-26;7;17;62;27;61
2021-03-27;4;10;34;16;33
2021-03-28;5;8;14;15;13
2021-04-02;10;15;22;30;21
2021-04-04;6;9;20;19;19
2021-04-05;8;12;23;25;22
2021-04-07;8;14;13;26;11
2021-04-08;9;16;10;30;9
2021-04-11;8;10;14;21;13
2021-04-12;6;9;7;18;6
2021-04-13;13;17;9;37;8
2021-04-17;8;12;13;24;12
2021-04-18;7;13;16;25;15
2021-04-24;6;11;17;20;16
2021-04-27;8;13;27;25;26
2021-04-28;11;16;26;32;25
2021-05-03;7;10;9;20;8
2021-05-04;18;18;18;46;17
2021-05-08;6;8;32;18;31
2021-05-25;7;10;10;20;9
2021-05-26;8;10;8;21;7
2021-05-28;14;20;15;42;14
2021-05-29;8;13;13;25;12
2021-05-30;6;9;8;19;7
2021-06-03;7;9;15;19;14
2021-06-05;6;7;;15;
2021-06-06;7;9;;18;
2021-06-12;5;9;20;16;10
2021-06-14;12;17;28;35;14
2021-06-15;13;22;29;42;13
2021-06-21;9;10;19;24;6
2021-06-26;6;8;19;17;9
2021-06-27;5;6;20;13;9
2021-06-29;7;8;22;19;9
2021-06-30;8;10;23;22;11
2021-07-05;9;10;;23;
2021-07-06;15;12;;35;
2021-07-13;3;6;19;10;6
2021-07-14;2;5;19;8;6
2021-07-18;1;2;20;3;10
2021-07-22;4;14;27;19;12
2021-07-23;3;16;32;20;14
2021-07-24;1;3;29;4;15
2021-07-25;1;1;29;2;15
2021-08-02;1;4;15;5;6
2021-08-03;2;7;20;10;8
2021-08-04;2;13;26;16;10
2021-08-05;4;11;27;16;13
2021-08-13;1;7;62;8;22
2021-08-15;1;5;63;7;26
2021-08-21;2;2;;5;
2021-08-22;1;3;;4;
2021-08-23;1;3;;5;
2021-08-28;6;12;31;21;16
2021-08-29;2;4;31;7;14
2021-09-03;8;17;33;29;17
2021-09-08;3;11;26;16;11
2021-09-09;6;13;31;21;14
2021-09-10;6;16;28;24;12
2021-09-11;2;5;23;7;12
2021-09-16;7;14;14;24;5
2021-09-17;6;17;31;26;12
2021-09-22;2;6;15;8;6
2021-09-23;2;7;22;9;9
2021-09-26;2;10;21;12;11
2021-09-29;6;11;32;19;17
2021-09-30;4;10;23;15;9
2021-10-02;2;9;37;11;26
2021-10-05;6;18;19;27;6
2021-10-15;6;20;29;29;14
2021-10-16;3;10;30;14;14
2021-10-20;10;18;32;33;18
2021-10-24;2;11;19;13;9
2021-10-25;5;16;27;23;13
2021-10-28;9;27;38;40;24
2021-10-29;16;30;37;54;19
2021-10-30;3;14;16;18;9
2021-10-31;1;2;7;3;3
2021-11-01;2;4;7;6;3
2021-11-04;8;18;19;31;7
2021-11-09;7;23;30;34;10
2021-11-10;7;28;32;38;13
2021-11-12;15;34;34;56;14
2021-11-14;2;15;20;17;11
2021-11-20;2;16;;18;
2021-11-21;3;15;;19;
2021-11-22;10;14;;29;
2021-11-25;5;12;;19;
2021-12-07;8;17;;29;
2021-12-12;11;33;;50;
2021-12-13;23;40;;75;
2021-12-17;13;28;;48;
2021-12-18;4;24;29;29;20
2021-12-21;18;34;41;61;20
2021-12-24;29;38;28;81;17
2021-12-27;7;14;12;24;5
2021-12-29;17;31;20;57;9
2021-12-30;26;44;26;85;14
2022-01-02;20;37;40;68;32
2022-01-07;15;26;16;50;8
2022-01-10;8;21;17;32;5
2022-01-17;24;48;31;85;18
2022-01-19;22;47;38;80;20
2022-01-21;24;34;28;71;13
2022-01-25;5;23;20;30;10
2022-01-27;33;52;36;102;17
2022-01-29;15;44;29;67;16
2022-01-31;21;45;32;78;11
2022-02-01;23;43;29;77;11
2022-02-02;28;55;34;98;16
2022-02-03;41;56;43;118;23
2022-02-06;6;23;27;32;18
2022-02-09;10;31;32;47;17
2022-02-12;7;32;37;43;23
2022-02-13;9;31;38;46;23
2022-02-16;10;27;18;42;6
2022-02-17;10;34;21;50;10
2022-02-18;24;42;37;78;18
2022-02-22;35;44;31;98;12
2022-02-24;13;32;30;52;14
2022-02-25;4;27;28;33;14
2022-02-27;7;19;;29;
2022-03-03;12;25;31;43;18
2022-03-07;4;22;;28;
2022-03-10;10;23;26;37;14
2022-03-14;3;13;35;18;18
2022-03-16;3;9;;13;
2022-03-17;2;10;26;13;16
2022-03-26;1;7;20;9;14
2022-03-30;6;20;62;29;26
2022-03-31;4;16;20;23;9
2022-04-04;2;10;20;12;9
2022-04-06;6;17;14;26;7
2022-04-08;4;14;17;20;6
2022-04-10;1;10;24;12;13
2022-04-11;2;12;28;15;14
2022-04-13;3;13;19;17;12
2022-04-18;2;10;26;13;16
2022-04-20;3;18;14;23;8
2022-04-21;5;20;15;27;5
2022-04-22;8;25;22;36;10
2022-04-24;2;9;8;11;4
2022-04-25;2;12;16;14;8
2022-04-26;7;17;17;27;8
2022-04-29;4;18;30;24;13
2022-05-02;3;14;32;18;18
2022-05-04;2;15;27;18;15
2022-05-05;4;16;34;21;13
2022-05-06;8;25;31;37;13
2022-05-08;3;12;;16;
2022-05-10;6;21;32;30;13
2022-05-11;7;22;41;33;17
2022-05-21;3;22;30;26;14
2022-05-28;2;18;29;21;12
2022-05-31;2;12;28;14;15
2022-06-02;3;11;33;15;20
2022-06-05;2;11;24;13;11
2022-06-07;3;13;26;16;14
2022-06-09;4;14;25;20;11
2022-06-11;3;13;24;17;11
2022-06-17;5;23;38;31;13
2022-06-18;2;14;35;17;14
2022-06-20;3;12;40;15;19
2022-06-25;1;9;20;11;9
2022-06-27;2;9;25;12;10
2022-06-28;4;12;20;18;8
2022-07-03;2;11;20;13;9
2022-07-06;2;10;31;12;13
2022-07-08;3;18;28;22;12
2022-07-14;4;15;23;21;10
2022-07-17;2;13;23;16;12
2022-07-20;2;10;21;12;11
2022-07-22;3;14;27;19;14
2022-07-24;2;9;27;12;16
2022-07-29;2;9;29;13;13
2022-07-30;1;7;;9;
2022-08-02;4;14;34;19;13
2022-08-06;2;11;19;14;9
2022-08-11;3;15;24;18;11
2022-08-12;3;15;33;20;13
2022-08-14;2;12;44;15;16
2022-08-16;3;10;40;15;20
2022-08-17;3;12;48;16;28
2022-08-24;2;8;18;11;8
2022-08-27;2;11;16;13;7
2022-08-28;1;8;16;10;9
2022-08-30;3;11;30;15;14
2022-09-02;6;18;33;28;13
2022-09-03;3;14;31;19;14
2022-09-05;4;11;26;17;11
2022-09-08;6;15;27;25;9
2022-09-11;2;7;17;9;8
2022-09-15;4;14;23;19;7
2022-09-16;3;12;18;17;7
2022-09-17;2;9;20;11;9
2022-09-19;3;23;18;27;9
2022-09-20;6;31;21;40;10
2022-09-23;6;35;23;43;12
2022-09-28;8;36;19;48;6
2022-10-02;3;24;27;29;10
2022-10-05;7;27;22;37;8
2022-10-06;2;19;22;22;8
2022-10-11;2;25;18;28;10
2022-10-16;7;31;29;41;15
2022-10-17;11;33;36;50;16
2022-10-22;5;32;30;39;13
2022-10-23;3;25;47;29;22
2022-10-26;22;48;61;82;28
2022-10-30;2;22;35;25;19
2022-11-02;9;27;32;40;15
2022-11-06;7;32;20;42;8
2022-11-09;13;39;19;59;7
2022-11-18;8;31;12;43;5
2022-11-25;6;24;13;32;6
2022-12-02;2;21;16;24;9
2022-12-03;8;34;19;46;12
2022-12-07;17;40;37;67;26
2022-12-08;10;37;37;52;29
2022-12-10;7;26;11;37;5
2022-12-16;7;34;15;45;7
2022-12-17;11;38;21;55;13
2022-12-22;9;33;17;45;6
2022-12-24;9;36;16;50;10
2022-12-26;29;55;37;98;17
2022-12-28;27;50;39;91;22
2022-12-31;12;43;30;61;16
2023-01-02;16;42;37;66;21
2023-01-03;22;47;40;81;27
2023-01-05;23;43;31;78;20
2023-01-10;12;44;18;63;8
2023-01-11;14;44;20;66;9
2023-01-15;4;17;14;23;6
2023-01-16;5;17;18;24;4
2023-01-18;5;25;8;32;3
2023-01-22;5;15;8;22;4
2023-01-23;23;45;;79;
2023-01-24;6;30;;39;
2023-01-26;24;50;22;87;11
2023-01-31;27;55;30;95;16
2023-02-01;22;56;32;89;19
2023-02-03;18;56;35;83;19
2023-02-05;7;41;24;52;14
2023-02-06;4;28;19;33;10
2023-02-10;23;51;25;85;15
2023-02-11;4;36;21;42;14
2023-02-12;4;35;22;41;16
2023-02-13;13;47;27;67;17
2023-02-24;23;47;17;81;7
2023-03-08;5;21;14;29;6
2023-03-14;7;33;;44;
2023-03-20;12;40;39;58;15
2023-03-21;11;35;;52;
2023-03-23;12;41;39;59;24
2023-03-29;12;31;24;50;11
2023-04-03;11;31;45;47;8
2023-04-04;7;30;20;41;7
2023-04-05;4;31;22;37;9
2023-04-13;3;23;20;27;6
2023-04-14;4;26;19;32;5
2023-04-15;2;15;18;18;6
2023-04-18;2;20;17;23;8
2023-04-22;2;22;31;24;18
2023-04-25;12;37;27;54;11
2023-05-03;6;32;24;40;9
2023-05-08;6;30;24;38;12
2023-05-09;9;35;29;49;12
2023-05-12;6;22;15;30;5
2023-05-14;5;15;;22;
2023-06-01;4;18;28;24;17
2023-06-03;4;19;19;25;12
2023-06-08;7;27;22;38;11
2023-06-09;7;22;17;33;8
2023-06-12;7;24;25;34;11
2023-06-17;3;22;25;27;13
2023-06-19;9;29;30;42;15
2023-06-23;5;26;17;33;8
2023-06-24;5;22;20;29;10
2023-06-26;4;18;20;23;10
2023-06-28;4;20;22;26;12
2023-06-30;5;22;19;29;9
2023-07-04;6;20;;30;
2023-07-05;4;15;;22;
2023-07-07;4;18;18;25;9
2023-07-08;4;17;23;24;12
2023-07-10;4;16;39;22;16
2023-07-11;7;26;54;36;22
2023-07-12;4;16;50;22;22
2023-07-14;5;18;29;26;13
2023-07-17;4;13;28;18;13
2023-07-20;4;19;38;24;19
2023-07-23;3;15;37;20;16
2023-07-28;5;17;29;25;15
2023-07-29;5;16;22;23;10
2023-08-03;3;14;29;19;11
2023-08-05;5;18;19;25;6
2023-08-08;4;16;24;22;10
2023-08-14;3;12;19;17;9
2023-08-18;6;23;30;32;17
2023-08-21;6;32;34;41;15
2023-08-26;3;17;36;22;19
2023-09-01;6;20;19;28;8
2023-09-09;4;18;17;24;9
2023-09-14;4;17;17;22;8
2023-09-19;8;25;21;38;9
2023-09-20;8;32;15;44;5
2023-09-21;5;21;14;29;5
2023-09-24;4;17;13;23;6
2023-09-26;7;23;17;34;7
2023-10-03;7;24;25;34;14
2023-10-04;7;31;24;41;14
2023-10-08;5;20;33;27;18
2023-10-12;3;19;23;24;14
2023-10-15;4;17;23;23;13
2023-10-16;12;29;25;47;12
2023-10-19;6;25;21;35;6
2023-10-22;4;16;13;21;6
2023-10-29;4;20;12;27;6
2023-10-30;8;26;13;38;4
2023-11-02;4;10;24;16;4
2023-11-04;3;7;9;13;3
2023-11-07;10;27;12;43;5
2023-11-11;4;12;11;19;4
2023-11-13;18;35;17;62;5
2023-11-16;29;52;34;97;16
2023-11-19;6;29;27;38;19
2023-11-20;17;45;38;72;27
2023-11-21;9;24;22;37;9
2023-11-24;15;46;30;69;10
2023-11-25;8;33;32;46;14
2023-11-27;19;33;41;62;15
2023-12-01;12;27;25;45;7
2023-12-05;19;43;18;72;7
2023-12-07;19;36;17;65;10
2023-12-08;4;14;9;20;4
2023-12-13;13;35;17;56;5
2023-12-14;8;26;14;37;4
2023-12-18;30;53;29;99;14
2023-12-22;34;56;23;109;9
2023-12-28;36;57;40;111;24
2023-12-30;19;52;44;81;33
2024-01-03;7;21;15;31;5
2024-01-05;7;20;12;31;5
2024-01-06;5;12;8;20;3
2024-01-09;14;37;19;59;8
2024-01-10;15;39;20;62;11
2024-01-15;7;21;18;32;6
2024-01-18;5;18;9;26;3
2024-01-19;4;20;8;26;4
2024-01-21;5;23;18;32;12
2024-01-26;35;54;39;108;24
2024-01-27;12;47;37;65;29
2024-01-29;11;29;31;46;18
2024-02-02;27;42;37;83;20
2024-02-04;8;38;26;49;17
2024-02-05;30;50;38;95;22
2024-02-09;10;35;21;51;10
2024-02-10;5;11;5;18;2
2024-02-12;19;30;9;59;3
2024-02-18;6;27;14;35;8
2024-02-21;14;43;28;64;15
2024-02-27;8;16;10;29;3
2024-03-01;7;19;15;30;6
2024-03-09;7;24;;34;
2024-03-10;6;14;;22;
2024-03-15;13;43;46;63;22
2024-03-18;10;31;57;47;42
2024-03-21;4;19;26;26;14
2024-03-26;6;18;10;27;4
2024-03-31;5;12;5;19;2
2024-04-06;3;17;26;22;16
2024-04-08;5;21;31;29;13
2024-04-10;6;25;19;33;6
2024-04-14;4;20;25;26;10
2024-04-15;15;39;35;61;15
2024-04-17;6;23;21;33;8
2024-04-26;4;18;22;24;12
2024-04-28;4;13;12;19;5
2024-04-29;4;23;14;30;7
2024-04-30;9;25;15;38;6
2024-05-02;6;20;8;29;3
2024-05-03;8;26;20;38;6
2024-05-13;6;22;15;31;7
2024-05-18;3;10;19;15;9
2024-05-19;3;9;16;13;8
2024-05-21;7;19;18;29;8
2024-05-24;3;12;16;17;9
2024-05-27;3;10;23;15;12
2024-05-29;6;20;23;28;10
2024-06-02;4;12;16;18;9
2024-06-03;4;16;16;22;7
2024-06-04;6;24;19;34;8
2024-06-11;4;17;15;23;8
2024-06-13;7;22;16;31;8
2024-06-21;5;12;15;19;6
2024-06-23;3;7;14;12;6
2024-06-25;4;10;16;16;7
2024-06-28;3;8;22;13;10
2024-07-02;5;11;14;19;6
2024-07-04;4;12;17;18;8
2024-07-11;3;7;27;12;14
2024-07-16;3;8;25;13;13
2024-07-18;5;11;21;18;9
2024-07-19;5;13;21;21;10
2024-07-21;3;8;24;12;10
2024-07-23;6;15;30;23;11
2024-07-26;3;9;15;14;7
2024-07-30;6;18;29;27;12
2024-08-03;3;10;30;14;15
2024-08-05;4;10;26;16;12
2024-08-10;4;12;21;18;10
2024-08-12;4;9;20;15;9
2024-08-14;5;13;24;21;11
2024-08-15;3;7;12;11;5
2024-08-22;4;10;33;16;22
2024-09-02;3;9;32;13;16
2024-09-09;5;13;29;20;10
2024-09-12;7;12;32;22;11
2024-09-16;5;14;28;22;9
2024-09-29;2;7;18;11;8
2024-09-30;7;15;30;26;11
2024-10-03;3;9;22;15;6
2024-10-07;14;15;70;36;24
2024-10-10;6;12;18;21;5
2024-10-17;5;12;16;19;5
2024-10-20;2;11;23;15;12
2024-10-23;4;29;15;36;8
2024-10-24;15;38;26;62;13
2024-10-25;25;34;41;72;23
2024-10-30;2;10;162;13;50
2024-10-31;4;11;103;16;35
2024-11-01;3;9;24;13;11
2024-11-04;4;16;36;21;17
2024-11-05;8;20;63;32;28
2024-11-07;7;16;35;27;16
2024-11-09;7;20;58;29;27
2024-11-11;12;26;49;44;14
2024-11-14;2;10;27;13;13
2024-11-18;23;26;72;61;25
2024-11-21;7;19;43;30;9
2024-11-22;6;21;32;30;9
2024-11-28;15;31;56;54;26
2024-12-01;7;23;62;34;36
2024-12-09;7;18;20;28;5
2024-12-12;16;30;29;54;12
2024-12-14;7;29;31;39;13
2024-12-17;26;39;52;79;21
2024-12-25;3;20;23;25;10
2025-01-02;14;31;32;52;13
2025-01-07;7;21;19;32;5
2025-01-08;7;21;21;32;6
2025-01-10;6;19;24;29;7
2025-01-13;6;24;34;34;12
2025-01-14;14;33;38;55;14
2025-01-15;31;44;58;92;22
2025-01-16;11;23;32;39;13
2025-01-21;46;46;53;116;26
2025-01-22;31;38;70;86;26
2025-01-25;3;15;20;20;9
2025-01-27;5;13;28;20;5
2025-02-05;16;40;39;65;18
2025-02-06;13;38;43;59;23
2025-02-07;14;33;45;54;23
2025-02-13;13;28;30;48;10
2025-02-14;17;34;39;60;16
2025-02-16;4;19;34;26;23
2025-02-17;11;20;48;36;32
2025-02-21;3;23;41;28;23
2025-02-22;4;21;40;28;25
2025-02-23;3;18;55;22;37
2025-02-25;7;23;28;34;9
2025-02-27;16;33;39;57;14
2018-10-20;20;49;30;80;22
2018-10-21;15;59;44;82;30
2018-10-22;55;68;52;153;31
2018-10-29;19;30;15;59;5
2018-11-05;48;43;29;116;15
2018-11-08;33;40;29;91;16
2018-11-09;26;37;18;77;7
2018-11-16;29;40;28;85;22
2018-11-17;18;36;32;64;24
2018-11-23;44;41;28;108;19
2018-11-27;32;38;24;87;9
2018-11-28;;;37;;17
2018-11-29;;;45;;23
2018-11-30;;;29;;14
2018-12-08;;;33;;23
2018-12-09;;;26;;15
2018-12-18;50;55;29;131;17
2018-12-20;43;48;26;113;12
2018-12-25;;;27;;21
2018-12-27;;;52;;35
2018-12-29;23;39;42;74;31
2019-01-04;45;42;44;111;29
2019-01-08;;;46;;31
2019-01-12;37;58;40;115;24
2019-01-13;29;46;30;89;19
2019-01-15;67;59;41;161;23
2019-01-19;23;43;31;78;20
2019-01-20;23;40;26;75;18
2019-01-21;40;48;23;109;9
2019-01-22;19;37;22;66;11
2019-01-24;13;24;17;43;4
2019-01-27;4;19;18;26;8
2019-01-30;24;36;18;73;7
2019-01-31;14;23;18;44;4
2019-02-03;9;14;19;27;5
2019-02-07;53;54;50;136;32
2019-02-13;33;51;37;101;20
2019-02-28;41;64;56;127;28
2019-03-02;13;40;53;60;34
2019-03-12;26;46;38;86;21
2019-03-13;20;41;35;71;19
2019-03-15;34;50;55;101;29
2019-03-21;15;36;30;59;16
2019-03-22;15;44;35;68;20
2019-03-27;14;35;27;56;13
2019-04-07;10;18;7;33;4
2019-04-09;16;26;13;51;5
2019-04-12;12;33;27;52;14
2019-04-13;9;33;32;46;21
2019-04-15;12;29;32;47;22
2019-04-17;12;29;27;48;19
2019-04-19;6;17;20;26;16
2019-04-20;5;15;34;23;22
2019-04-28;4;10;17;16;10
2019-05-01;6;15;23;25;17
2019-05-02;15;35;24;58;16
2019-05-11;9;21;20;34;12
2019-05-14;12;31;28;49;14
2019-05-21;15;33;20;56;12
2019-05-28;16;34;25;59;15
2019-05-29;12;25;18;42;7
2019-05-31;19;37;28;66;13
2019-06-01;10;27;19;41;10
2019-06-02;7;19;15;30;7
2019-06-10;10;26;22;41;11
2019-06-13;12;24;16;42;8
2019-06-14;12;30;24;48;13
2019-06-15;8;19;20;31;8
2019-06-16;5;15;20;23;13
2019-06-19;10;22;21;38;14
2019-06-23;;;16;;11
2019-06-26;;;14;;9
2019-06-28;20;59;21;90;12
2019-06-30;6;25;18;35;12
2019-07-04;21;47;16;78;11
2019-07-06;10;32;22;47;16
2019-07-08;20;38;31;68;19
2019-07-11;20;41;17;71;11
2019-07-13;9;31;13;45;8
2019-07-15;14;33;14;55;10
2019-07-18;13;33;13;52;8
2019-07-22;12;32;21;50;13
2019-07-28;5;8;7;15;3
2019-08-02;11;35;13;51;7
2019-08-03;7;24;12;34;7
2019-08-04;7;22;11;33;7
2019-08-07;12;34;29;53;19
2019-08-10;9;24;20;37;12
2019-08-13;10;23;14;38;6
2019-08-16;10;20;12;34;9
2019-08-19;13;22;14;41;10
2019-08-24;11;29;16;45;12
2019-08-30;16;38;19;62;13
2019-09-03;15;27;12;49;8
2019-09-13;;;12;;8
2019-09-20;13;36;35;56;21
2019-09-24;24;41;24;78;8
2019-09-30;16;35;34;59;22
2019-10-05;11;30;24;46;11
2019-10-14;15;29;26;52;16
2019-10-16;24;40;24;76;9
2019-10-19;12;25;23;42;13
2019-10-20;8;19;11;32;7
2019-10-24;28;32;17;75;7
2019-10-25;24;47;30;84;17
2019-10-30;35;54;45;107;31
2019-11-07;20;28;15;57;6
2019-11-12;18;30;16;58;6
2019-11-15;24;33;11;69;5
2019-11-16;21;34;14;66;8
2019-11-18;29;38;14;82;6
2019-11-19;34;44;18;96;9
2019-11-21;42;44;19;109;13
2019-11-24;7;15;8;25;5
2019-11-27;15;26;13;49;5
2019-11-28;16;25;11;50;6
2019-12-01;7;17;11;27;8
2019-12-02;14;25;11;46;7
2019-12-05;23;33;9;68;7
2019-12-06;21;32;21;64;16
2019-12-11;30;35;18;81;9
2019-12-15;13;29;13;49;8
2019-12-17;46;40;44;110;26
2019-12-22;4;6;12;13;7
2020-01-05;9;24;20;37;16
2020-01-06;11;21;19;37;17
2020-01-09;31;32;32;79;26
2020-01-11;17;27;22;53;15
2020-01-12;14;22;28;44;20
2020-01-14;46;41;45;112;27
2020-01-19;6;6;8;15;6
2020-01-24;;;71;;41
2020-01-26;;;30;;20
2020-02-02;15;24;11;46;7
2020-02-05;13;26;19;45;11
2020-02-08;25;40;41;78;35
2020-02-09;12;29;44;47;38
2020-02-14;31;41;29;88;20
2020-02-23;8;27;26;39;22
2020-02-25;51;57;41;135;21
2020-02-28;35;39;93;93;42
2020-03-05;21;27;19;60;9
2020-03-07;9;23;19;37;12
2020-03-08;10;27;16;42;9
2020-03-13;19;34;24;63;21
2020-03-18;12;22;24;41;20
2020-03-19;9;13;23;26;21
2020-03-21;8;15;20;27;18
2020-03-23;9;15;12;29;10
2020-03-27;7;19;13;30;11
2020-03-30;6;12;13;21;11
2020-04-02;4;10;7;16;5
2020-04-05;4;11;13;16;11
2020-04-07;6;14;16;22;14
2020-04-10;6;13;23;21;21
2020-04-12;5;9;18;17;17
2020-04-15;10;21;18;36;18
2020-04-22;9;17;3;31;2
2020-04-26;6;13;10;21;10
2020-05-02;6;10;3;20;2
2020-05-06;7;16;3;26;2
2020-05-07;8;17;6;29;2
2020-05-08;6;9;4;19;2
2020-05-12;7;14;15;23;7
2020-05-13;5;13;12;21;7
2020-05-27;6;15;5;24;2
2020-05-29;6;19;10;29;4
2020-05-30;5;12;6;20;3
2020-05-31;5;7;2;15;1
2020-06-02;9;17;5;31;3
2020-06-08;6;15;7;24;4
2020-06-12;8;15;14;26;4
2020-06-13;6;14;10;24;4
2020-06-18;7;18;12;28;7
2020-06-19;7;21;11;31;7
2020-06-22;11;34;18;51;10
2020-06-25;16;35;16;60;7
2020-07-03;14;26;29;48;10
2020-07-07;16;35;49;59;14
2020-07-10;9;31;24;45;10
2020-07-11;8;16;18;28;10
2020-07-12;7;18;12;29;8
2020-07-13;11;25;16;42;8
2020-07-18;8;22;10;34;6
2020-07-21;11;26;25;42;9
2020-07-22;14;42;35;62;11
2020-07-28;9;29;27;42;10
2020-07-29;8;23;24;34;11
2020-07-31;11;41;19;58;10
2020-08-06;11;31;8;47;5
2020-08-09;7;21;;32;
2020-08-10;9;31;;45;
2020-08-13;9;28;8;41;7
2020-08-15;6;21;8;30;7
2020-08-18;9;29;5;43;5
2020-08-21;10;31;5;46;4
2020-08-23;6;20;6;30;5
2020-08-28;10;31;7;47;6
2020-09-03;11;40;3;57;3
2020-09-04;13;39;4;58;3
2020-09-05;9;28;4;41;4
2020-09-13;6;19;6;29;5
2020-09-14;13;35;5;54;5
2020-09-18;10;29;7;44;6
2020-09-23;16;48;6;73;6
2020-09-29;12;35;3;54;3
2020-10-02;8;22;4;33;3
2020-10-03;7;18;2;28;2
2020-10-04;5;12;2;20;2
2020-10-07;16;50;3;74;3
2020-10-10;5;23;5;31;4
2020-10-15;8;19;1;31;1
2020-10-23;13;37;3;57;2
2020-10-24;8;25;3;38;2
2020-10-25;6;11;3;20;3
2020-10-29;23;52;5;88;5
2020-10-30;18;51;9;79;8
2020-11-01;8;33;8;46;8
2020-11-02;29;53;10;97;10
2020-11-03;14;40;10;62;10
2020-11-05;6;21;4;30;4
2020-11-07;12;36;4;55;4
2020-11-09;16;46;4;71;4
2020-11-10;18;46;5;73;4
2020-11-11;21;50;7;82;6
2020-11-12;26;55;7;95;7
2020-11-13;21;55;9;87;8
2020-11-19;29;58;12;102;12
2020-11-20;33;62;5;112;5
2020-11-22;11;41;6;57;6
2020-11-27;9;29;3;42;3
2020-11-29;22;48;5;81;5
2020-11-30;49;70;6;144;6
2020-12-02;;;3;;2
2020-12-04;10;49;3;64;2
2020-12-06;4;21;2;27;2
2020-12-07;;;2;;1
2020-12-08;9;30;1;43;1
2020-12-09;14;49;2;71;2
2020-12-12;7;20;3;31;3
2020-12-17;32;33;7;82;6
2020-12-21;35;31;7;85;7
2020-12-23;49;30;10;106;10
2020-12-24;31;27;5;74;5
2020-12-25;8;15;2;27;2
2020-12-26;17;26;4;51;4
2020-12-29;15;17;3;39;2
2021-01-10;12;17;6;35;6
2021-01-12;27;25;8;66;8
2021-01-14;54;36;12;118;12
2021-01-15;21;22;4;55;4
2021-01-25;9;13;2;26;2
2021-01-29;20;17;3;48;3
2021-01-30;6;6;2;15;2
2021-01-31;6;6;1;15;1
2021-02-03;14;20;4;41;4
2021-02-07;7;7;2;16;1
2021-02-09;11;15;2;31;2
2021-02-10;10;12;2;28;2
2021-02-11;19;17;3;47;3
2021-02-12;11;12;4;29;3
2021-02-13;7;12;5;23;5
2021-02-14;6;9;8;18;7
2021-02-15;11;17;9;34;8
2021-02-19;14;18;61;39;59
2021-02-23;10;14;11;29;10
2021-02-24;7;14;20;25;19
2021-02-28;5;8;30;16;29
2021-03-03;5;13;43;21;41
2021-03-09;12;15;14;34;13
2021-03-11;40;30;34;91;33
2021-03-12;10;13;16;28;15
2021-03-13;7;13;20;24;19
2021-03-16;30;23;20;70;19
2021-03-17;17;22;20;48;19
2021-03-20;6;10;10;19;9
2021-03-24;12;20;30;38;29
2021-03-25;10;16;44;31;43
2021-04-06;17;18;22;45;21
2021-04-09;11;19;14;36;13
2021-04-16;12;16;16;34;15
2021-04-19;20;19;20;49;19
2021-04-21;7;13;26;23;25
2021-04-25;6;8;20;18;19
2021-05-02;6;7;10;15;9
2021-05-07;24;22;25;59;24
2021-05-10;18;15;7;43;6
2021-05-11;10;11;5;26;3
2021-05-12;10;12;6;28;5
2021-05-15;16;18;10;42;9
2021-05-16;11;10;6;26;5
2021-05-17;7;7;6;18;5
2021-05-18;9;12;9;26;8
2021-05-19;7;9;8;19;6
2021-05-20;12;13;9;32;8
2021-05-23;5;5;6;13;6
2021-05-27;16;17;15;42;14
2021-06-02;9;15;12;28;11
2021-06-09;6;9;24;17;14
2021-06-11;8;11;21;23;10
2021-06-16;7;12;27;22;13
2021-06-18;8;10;31;22;15
2021-06-28;6;7;23;16;11
2021-07-03;7;7;;17;
2021-07-04;6;6;;15;
2021-07-07;3;6;18;11;6
2021-07-08;3;6;20;10;8
2021-07-10;1;3;20;4;9
2021-07-17;1;2;19;3;9
2021-07-19;2;8;22;10;10
2021-07-21;2;5;25;7;13
2021-07-27;3;12;23;17;11
2021-07-28;3;6;24;9;12
2021-07-29;2;6;24;8;13
2021-07-31;1;3;34;4;17
2021-08-06;1;6;31;7;15
2021-08-07;2;5;29;8;13
2021-08-08;1;2;25;3;11
2021-08-12;7;24;;33;
2021-08-24;2;5;27;8;12
2021-08-25;3;10;18;14;9
2021-09-07;2;8;28;10;11
2021-09-13;5;18;26;25;12
2021-09-14;5;11;33;18;13
2021-09-15;4;14;29;20;12
2021-09-20;7;11;17;22;6
2021-09-25;2;14;34;18;20
2021-09-27;5;17;27;25;12
2021-10-07;5;16;24;24;9
2021-10-11;4;15;25;20;12
2021-10-14;5;21;28;28;13
2021-10-17;1;8;25;9;13
2021-10-19;7;16;27;27;14
2021-10-22;2;12;20;14;8
2021-10-23;2;7;18;9;7
2021-11-02;3;13;12;17;4
2021-11-03;3;11;13;15;4
2021-11-05;6;16;17;25;6
2021-11-06;1;11;20;13;7
2021-11-07;2;12;15;16;6
2021-11-08;22;37;34;70;12
2021-11-11;9;27;28;40;12
2021-11-15;11;24;24;39;8
2021-11-27;3;12;;16;
2021-11-28;4;8;;15;
2021-11-29;8;19;;31;
2021-12-04;6;13;;23;
2021-12-08;6;9;;18;
2021-12-10;8;18;;29;
2021-12-11;6;13;;21;
2021-12-14;21;45;;77;
2021-12-16;28;32;;75;
2021-12-19;12;28;34;46;25
2021-12-20;40;46;32;107;19
2021-12-23;23;36;40;72;27
2021-12-25;6;15;10;25;5
2021-12-28;9;15;17;29;6
2022-01-04;14;27;23;49;9
2022-01-05;8;23;18;36;6
2022-01-06;8;20;14;33;7
2022-01-08;10;23;13;39;6
2022-01-14;16;33;28;57;15
2022-01-15;11;29;23;46;15
2022-01-22;9;29;27;42;16
2022-01-28;29;51;32;96;15
2022-02-07;21;42;32;73;17
2022-02-08;17;39;31;65;15
2022-02-10;13;34;30;54;17
2022-02-11;29;46;44;90;25
2022-02-15;11;27;21;44;6
2022-02-20;6;16;14;25;7
2022-02-21;17;23;22;49;8
2022-02-23;15;35;33;58;15
2022-02-28;11;38;;55;
2022-03-01;19;38;;68;
2022-03-04;8;23;22;35;11
2022-03-06;3;11;;15;
2022-03-11;12;31;34;48;21
2022-03-21;5;14;27;21;15
2022-03-27;1;11;40;13;20
2022-03-28;7;20;52;31;24
2022-04-01;2;10;14;13;5
2022-04-03;3;10;12;14;5
2022-04-12;4;16;35;23;18
2022-04-15;2;14;23;17;11
2022-04-16;3;20;33;23;16
2022-04-17;2;12;26;15;13
2022-04-23;1;6;6;8;2
2022-04-28;5;21;29;29;19
2022-05-12;2;15;34;18;15
2022-05-13;5;17;34;24;17
2022-05-14;3;17;34;21;17
2022-05-16;5;22;44;30;21
2022-05-17;7;24;45;35;21
2022-05-19;5;14;43;22;22
2022-05-20;3;15;34;19;15
2022-05-22;3;16;26;20;13
2022-05-24;2;9;31;11;11
2022-05-26;6;17;20;26;7
2022-05-27;6;24;26;33;9
2022-05-30;3;13;24;17;11
2022-06-12;2;16;20;19;8
2022-06-14;3;15;22;20;9
2022-06-16;4;22;28;28;12
2022-06-21;3;15;41;19;18
2022-06-22;5;15;35;22;12
2022-06-23;4;19;24;25;7
2022-06-24;4;12;18;17;7
2022-06-26;1;6;19;7;10
2022-06-30;2;9;22;12;10
2022-07-02;2;9;21;11;11
2022-07-04;4;15;24;20;10
2022-07-05;2;9;27;11;11
2022-07-07;3;15;22;20;9
2022-07-10;2;10;18;12;9
2022-07-15;5;22;26;30;12
2022-07-18;4;18;30;24;14
2022-07-21;3;13;23;18;12
2022-07-23;2;9;27;11;15
2022-07-26;2;10;29;13;14
2022-07-31;1;8;;10;
2022-08-04;3;13;27;17;11
2022-08-05;2;11;21;15;9
2022-08-07;2;8;19;10;10
2022-08-08;2;11;25;14;11
2022-08-10;2;10;22;13;11
2022-08-13;4;13;76;19;21
2022-08-15;2;9;33;11;16
2022-08-19;2;13;25;16;13
2022-08-20;2;10;19;13;10
2022-08-21;2;11;21;14;11
2022-08-26;3;12;20;17;9
2022-08-29;3;12;22;16;10
2022-09-04;1;7;22;8;10
2022-09-06;5;17;33;24;12
2022-09-09;4;16;26;23;9
2022-09-14;6;16;24;25;9
2022-09-18;1;9;18;10;10
2022-09-25;1;11;14;13;6
2022-09-29;5;26;15;33;5
2022-09-30;6;28;13;36;4
2022-10-01;4;25;14;30;6
2022-10-03;9;43;24;56;8
2022-10-04;16;36;26;60;11
2022-10-10;13;33;;52;
2022-10-14;17;50;30;75;13
2022-10-18;8;34;52;47;21
2022-10-19;8;29;64;41;27
2022-10-24;21;51;40;84;14
2022-10-27;10;35;52;50;25
2022-10-28;8;37;44;48;22
2022-10-29;3;31;37;34;21
2022-10-31;8;39;41;51;21
2022-11-03;11;35;30;52;12
2022-11-04;6;25;17;35;5
2022-11-08;16;44;30;69;12
2022-11-11;9;37;13;50;7
2022-11-12;2;19;27;21;13
2022-11-14;18;38;26;65;11
2022-11-15;13;32;14;52;6
2022-11-17;5;16;8;23;2
2022-11-22;6;21;9;30;3
2022-11-28;6;30;14;39;6
2022-11-29;9;28;11;42;5
2022-11-30;24;54;26;91;10
2022-12-01;2;24;15;27;7
2022-12-05;6;33;24;42;15
2022-12-06;10;37;32;52;20
2022-12-13;12;32;11;50;5
2022-12-14;22;47;17;80;7
2022-12-15;5;30;11;38;5
2022-12-18;7;31;18;41;13
2022-12-20;26;46;34;86;15
2022-12-21;5;26;16;33;6
2022-12-23;9;32;11;45;5
2022-12-25;4;31;17;38;9
2022-12-27;19;50;30;78;15
2022-12-29;8;31;23;43;10
2022-12-30;6;26;25;35;9
2023-01-01;11;36;29;53;19
2023-01-04;20;46;31;77;19
2023-01-06;12;41;26;59;18
2023-01-07;7;30;19;40;12
2023-01-09;7;34;14;45;5
2023-01-12;17;45;22;72;10
2023-01-19;7;24;9;34;3
2023-01-20;16;40;17;65;7
2023-01-29;3;22;13;26;8
2023-02-02;19;59;33;88;19
2023-02-04;19;64;28;92;14
2023-02-07;4;31;21;36;10
2023-02-08;2;21;10;24;7
2023-02-09;2;22;15;24;8
2023-02-14;7;35;25;46;17
2023-02-16;13;44;32;64;20
2023-02-17;24;57;35;94;23
2023-02-18;12;48;31;66;20
2023-02-19;8;52;35;64;24
2023-02-20;20;70;49;100;31
2023-02-21;36;76;48;131;26
2023-02-26;37;40;22;97;10
2023-02-27;18;28;15;56;6
2023-03-06;11;36;14;53;7
2023-03-07;9;29;18;42;8
2023-03-10;7;28;20;38;9
2023-03-12;7;23;;33;
2023-03-15;12;43;;61;
2023-03-16;11;34;;51;
2023-03-17;7;29;39;39;21
2023-03-24;8;53;43;65;24
2023-03-30;23;47;37;82;13
2023-03-31;4;22;36;27;9
2023-04-11;4;24;26;30;17
2023-04-17;2;15;17;17;7
2023-04-19;5;29;19;37;9
2023-04-20;9;38;29;51;11
2023-04-21;5;23;30;29;15
2023-04-27;4;27;25;33;15
2023-04-28;3;27;24;30;15
2023-04-29;4;28;25;33;12
2023-05-01;2;17;16;19;9
2023-05-05;3;20;26;24;15
2023-05-13;4;14;13;20;5
2023-05-16;5;19;17;27;5
2023-05-20;4;24;21;30;11
2023-05-21;3;13;17;18;9
2023-05-23;5;31;23;38;13
2023-05-26;4;20;21;27;11
2023-05-28;4;17;27;23;14
2023-05-29;5;26;26;34;14
2023-05-30;7;29;25;40;12
2023-05-31;7;30;29;42;13
2023-06-02;4;22;23;29;14
2023-06-05;6;21;17;29;8
2023-06-06;6;24;17;34;8
2023-06-11;3;14;22;19;12
2023-06-14;8;31;17;43;7
2023-06-18;3;17;24;22;13
2023-06-29;6;20;22;30;12
2023-07-01;6;20;21;29;11
2023-07-03;5;21;;29;
2023-07-06;5;19;17;27;9
2023-07-15;4;14;36;19;17
2023-07-19;5;24;46;32;21
2023-07-22;3;14;33;19;15
2023-07-25;4;17;25;24;10
2023-07-26;4;17;22;24;8
2023-07-31;4;14;29;20;12
2023-08-06;4;16;21;22;8
2023-08-11;3;16;24;20;12
2023-08-12;3;15;28;20;15
2023-08-13;3;11;23;16;12
2023-08-15;3;10;21;14;10
2023-08-17;4;15;27;22;14
2023-08-19;3;15;26;20;15
2023-08-20;3;13;24;19;13
2023-08-23;6;38;46;47;16
2023-08-29;6;20;14;29;5
2023-09-05;4;18;42;24;17
2023-09-06;4;16;20;21;10
2023-09-08;6;29;23;37;11
2023-09-10;3;12;17;17;10
2023-09-11;6;22;21;31;11
2023-09-12;5;20;21;27;11
2023-09-25;11;25;17;42;7
2023-09-27;6;26;18;35;8
2023-09-28;10;31;23;46;9
2023-09-29;9;36;21;49;11
2023-10-05;8;32;23;44;14
2023-10-06;10;32;29;47;16
2023-10-07;4;23;28;29;17
2023-10-18;5;21;20;28;7
2023-10-24;5;18;7;26;2
2023-11-01;4;19;14;25;5
2023-11-05;4;12;11;19;6
2023-11-08;14;39;17;61;7
2023-11-09;9;32;14;46;5
2023-11-10;7;24;14;35;5
2023-11-14;25;40;24;78;8
2023-11-18;6;30;24;39;16
2023-11-23;21;46;30;78;10
2023-11-26;6;27;28;36;14
2023-11-29;14;33;14;54;5
2023-12-09;5;23;11;31;5
2023-12-10;7;16;7;26;3
2023-12-11;30;47;27;92;9
2023-12-19;51;65;38;143;15
2023-12-21;25;51;17;89;7
2023-12-24;10;38;21;54;13
2023-12-25;11;39;21;56;14
2023-12-27;28;57;31;100;18
2023-12-29;37;62;56;119;39
2023-12-31;6;21;22;30;15
2024-01-01;6;29;14;38;9
2024-01-02;9;31;15;45;6
2024-01-04;13;39;21;58;11
2024-01-07;4;12;6;18;3
2024-01-13;21;48;29;80;20
2024-01-14;15;25;21;48;9
2024-01-17;11;24;23;40;6
2024-01-28;6;24;34;33;28
2024-01-31;11;40;31;57;20
2024-02-03;11;39;33;55;21
2024-02-16;8;40;21;53;15
2024-02-19;17;44;22;71;11
2024-02-23;5;16;9;24;3
2024-02-25;4;11;8;16;4
2024-02-26;5;18;10;25;4
2024-02-29;9;30;19;43;6
2024-03-02;4;13;15;20;7
2024-03-03;4;9;;15;
2024-03-04;10;25;;41;
2024-03-05;12;29;;47;
2024-03-06;12;32;;50;
2024-03-08;7;22;;33;
2024-03-13;11;40;29;57;15
2024-03-14;15;42;34;65;17
2024-03-19;8;23;48;35;36
2024-03-24;3;17;28;22;14
2024-03-25;4;24;16;31;9
2024-03-28;5;24;16;32;7
2024-04-03;7;31;17;42;7
2024-04-04;9;31;22;44;9
2024-04-07;3;15;40;20;21
2024-04-11;4;20;19;25;8
2024-04-12;8;42;25;54;9
2024-04-13;7;44;26;55;10
2024-04-20;4;20;17;26;8
2024-04-23;4;18;13;24;5
2024-04-25;5;20;19;28;8
2024-05-01;3;8;7;13;3
2024-05-04;5;21;17;28;8
2024-05-05;4;25;22;32;11
2024-05-07;7;23;17;33;7
2024-05-08;7;24;17;34;6
2024-05-09;7;28;21;39;7
2024-05-12;4;12;;18;
2024-05-14;7;25;21;36;10
2024-05-15;6;17;16;26;6
2024-05-17;6;22;23;31;7
2024-05-22;5;18;15;26;6
2024-05-25;3;11;15;16;8
2024-05-30;6;22;22;32;10
2024-06-01;3;12;15;16;7
2024-06-05;6;17;19;26;9
2024-06-06;6;20;20;29;9
2024-06-07;5;22;22;29;9
2024-06-09;3;10;16;16;7
2024-06-12;5;19;14;26;7
2024-06-14;6;24;24;33;12
2024-06-15;3;13;;18;
2024-06-16;3;6;;10;
2024-06-20;7;11;22;22;7
2024-06-27;4;9;17;15;7
2024-06-29;4;7;16;13;6
2024-06-30;3;7;19;11;10
2024-07-01;3;11;17;15;10
2024-07-06;4;8;16;13;8
2024-07-09;3;9;19;14;9
2024-07-10;4;11;25;17;12
2024-07-12;3;9;31;14;14
2024-07-14;3;7;25;12;13
2024-07-17;3;6;19;10;10
2024-07-22;4;9;22;14;10
2024-07-28;3;6;22;10;11
2024-07-29;4;11;30;18;13
2024-07-31;5;15;33;22;14
2024-08-01;4;10;28;15;14
2024-08-06;3;7;23;12;12
2024-08-08;4;10;23;17;11
2024-08-09;6;13;23;22;12
2024-08-13;3;8;25;12;11
2024-08-16;4;11;14;17;6
2024-08-17;4;12;19;18;9
2024-08-18;3;9;17;13;9
2024-08-20;3;9;25;14;15
2024-08-21;3;8;27;12;18
2024-08-25;3;6;26;10;14
2024-08-26;3;7;19;12;9
2024-08-27;4;11;24;17;10
2024-08-30;2;7;22;10;10
2024-08-31;2;6;25;10;12
2024-09-04;3;15;22;20;10
2024-09-06;6;13;25;22;10
2024-09-07;6;12;29;21;12
2024-09-10;4;10;26;16;11
2024-09-14;2;9;24;13;9
2024-09-15;2;7;24;10;10
2024-09-22;3;7;20;11;11
2024-09-24;8;16;43;28;21
2024-09-26;5;9;30;17;6
2024-09-27;4;8;21;14;7
2024-09-28;2;10;17;14;6
2024-10-04;5;15;27;22;9
2024-10-11;4;12;25;19;11
2024-10-13;2;8;24;11;14
2024-10-14;3;9;28;14;13
2024-10-19;3;12;21;17;9
2024-10-21;6;12;26;21;12
2024-10-22;6;14;25;24;11
2024-10-26;4;11;11;17;5
2024-10-27;2;10;7;13;5
2024-10-28;7;16;20;27;9
2024-10-29;2;8;39;11;20
2024-11-03;2;9;26;12;14
2024-11-08;12;26;55;44;20
2024-11-15;2;19;34;23;16
2024-11-17;8;22;51;34;20
2024-11-19;;;83;;25
2024-11-20;7;20;52;30;14
2024-11-24;3;17;36;22;17
2024-11-25;19;36;122;65;36
2024-11-26;17;30;35;56;12
2024-11-27;21;37;44;70;18
2024-11-29;31;39;82;86;32
2024-11-30;11;30;60;47;38
2024-12-06;7;25;39;36;13
2024-12-07;5;18;33;25;11
2024-12-10;12;29;34;48;10
2024-12-13;16;34;46;59;19
2024-12-15;8;25;27;38;11
2024-12-16;18;33;39;61;13
2024-12-22;5;22;30;29;10
2024-12-26;24;35;40;71;20
2024-12-27;24;40;45;77;24
2024-12-29;12;27;31;45;20
2024-12-30;20;36;38;67;20
2024-12-31;9;24;28;39;20
2025-01-01;4;22;21;28;18
2025-01-06;7;20;21;30;8
2025-01-18;14;30;30;52;15
2025-01-19;6;26;27;35;14
2025-01-20;22;42;42;76;18
2025-01-26;3;16;14;21;6
2025-01-28;4;11;16;17;4
2025-02-02;6;20;17;28;9
2025-02-03;19;36;27;65;11
2025-02-04;16;35;40;60;15
2025-02-09;4;20;22;27;12
2025-02-12;10;25;40;40;22
2025-02-15;5;20;36;28;23
2025-02-18;8;20;44;32;26
2025-02-19;14;25;48;46;30
2025-02-24;13;29;36;49;12
2025-02-26;8;25;26;37;9
2018-10-16;38;59;54;117;20
2018-10-19;32;62;17;111;10
2018-10-23;36;66;48;122;32
2018-10-25;60;88;47;181;24
2018-10-27;17;31;18;57;13
2018-10-31;16;32;10;57;7
2018-11-01;25;33;20;71;12
2018-11-06;15;30;12;53;6
2018-11-10;13;28;14;48;8
2018-11-13;31;43;46;90;31
2018-11-15;24;37;34;74;26
2018-11-22;50;45;41;121;20
2018-11-25;8;18;11;30;6
2018-11-26;21;29;15;60;6
2018-12-03;;;47;;24
2018-12-04;;;49;;25
2018-12-05;;;55;;38
2018-12-06;;;44;;31
2018-12-11;;;49;;30
2018-12-12;;;42;;26
2018-12-14;23;38;13;73;6
2018-12-15;17;34;15;60;8
2018-12-19;27;43;19;85;10
2018-12-26;31;29;44;75;32
2018-12-30;18;36;33;64;22
2018-12-31;18;41;36;69;22
2019-01-02;55;48;40;132;21
2019-01-05;19;25;45;54;32
2019-01-06;;;39;;26
2019-01-07;;;42;;21
2019-01-10;30;52;27;98;11
2019-01-14;57;57;39;144;19
2019-01-16;53;60;59;141;41
2019-01-17;94;62;78;205;50
2019-01-18;47;57;44;129;23
2019-01-23;24;37;29;73;7
2019-01-25;20;32;16;62;5
2019-01-26;24;43;27;80;15
2019-02-05;45;58;42;127;21
2019-02-10;10;24;27;39;16
2019-02-12;29;49;28;94;14
2019-02-16;12;40;49;58;39
2019-02-17;;;26;;19
2019-02-18;28;48;36;90;24
2019-02-19;;;49;;34
2019-02-20;22;53;48;86;34
2019-02-21;31;55;58;102;43
2019-02-25;32;56;51;105;33
2019-02-26;40;66;48;127;28
2019-03-01;34;54;54;106;33
2019-03-05;16;34;33;59;22
2019-03-07;19;32;18;61;9
2019-03-08;20;43;27;74;15
2019-03-09;16;39;40;63;24
2019-03-16;;;57;;40
2019-03-18;6;15;30;23;17
2019-03-20;18;36;27;63;15
2019-03-23;11;44;39;60;27
2019-03-24;10;32;36;47;24
2019-03-25;23;47;38;82;23
2019-03-30;8;25;26;36;19
2019-04-01;15;38;29;61;20
2019-04-02;34;50;41;103;30
2019-04-03;23;32;25;68;14
2019-04-04;15;27;16;50;8
2019-04-05;25;38;21;76;13
2019-04-06;10;21;7;37;4
2019-04-10;17;30;13;56;5
2019-04-11;24;41;22;77;10
2019-04-14;10;27;25;43;13
2019-04-16;13;31;33;50;24
2019-04-21;4;11;28;18;19
2019-04-23;27;38;32;78;19
2019-04-26;16;30;17;54;7
2019-04-30;17;27;25;52;16
2019-05-10;19;26;17;55;7
2019-05-15;13;36;33;55;17
2019-05-17;12;22;24;41;7
2019-05-19;6;18;12;28;7
2019-05-20;12;27;15;46;7
2019-05-24;14;39;23;60;17
2019-05-25;11;24;17;41;12
2019-05-26;4;14;14;20;9
2019-05-27;17;27;24;54;15
2019-06-04;12;27;25;45;16
2019-06-05;14;29;37;51;16
2019-06-06;14;28;22;50;10
2019-06-20;9;17;24;31;18
2019-06-21;9;16;17;30;12
2019-06-22;;;15;;11
2019-06-24;;;12;;8
2019-06-27;20;58;17;87;10
2019-07-02;13;34;16;54;12
2019-07-03;16;46;17;71;11
2019-07-07;11;34;28;52;17
2019-07-12;16;43;17;68;11
2019-07-14;7;20;11;30;8
2019-07-16;11;30;12;47;8
2019-07-17;11;32;12;49;7
2019-07-19;14;37;15;58;9
2019-07-20;7;19;17;28;11
2019-07-21;7;20;16;32;11
2019-07-23;19;45;21;75;12
2019-07-29;15;29;12;53;6
2019-07-30;13;26;10;47;6
2019-08-06;10;24;22;40;14
2019-08-08;22;38;26;71;15
2019-08-09;30;47;30;93;11
2019-08-12;12;24;16;42;9
2019-08-14;11;25;13;41;9
2019-08-15;8;19;13;31;9
2019-08-17;10;18;11;32;9
2019-08-20;11;23;19;40;9
2019-08-21;10;26;13;42;7
2019-08-23;15;35;17;59;9
2019-08-26;11;28;18;46;14
2019-08-27;17;35;14;60;9
2019-08-29;15;35;17;58;11
2019-08-31;11;37;18;53;12
2019-09-01;8;26;18;38;12
2019-09-02;11;31;12;48;8
2019-09-08;8;17;12;28;8
2019-09-09;20;34;15;64;9
2019-09-11;14;31;8;52;5
2019-09-12;;;14;;9
2019-09-17;23;45;;80;
2019-09-19;19;35;39;65;21
2019-09-26;20;29;25;60;15
2019-09-28;12;26;24;44;15
2019-10-01;21;42;42;74;25
2019-10-02;22;37;28;71;9
2019-10-04;21;41;31;74;12
2019-10-07;28;35;31;78;15
2019-10-09;7;18;29;29;16
2019-10-11;15;27;20;50;12
2019-10-12;8;21;19;34;12
2019-10-13;9;21;23;34;15
2019-10-17;24;42;27;78;10
2019-10-21;21;28;16;60;10
2019-10-22;21;30;9;62;6
2019-10-23;15;24;8;47;4
2019-10-28;39;50;43;110;31
2019-10-31;41;51;25;114;12
2019-11-01;45;36;15;104;7
2019-11-02;12;15;16;34;7
2019-11-03;8;12;14;25;4
2019-11-04;14;20;13;42;4
2019-11-05;16;24;12;48;4
2019-11-06;25;33;16;71;6
2019-11-08;20;28;15;58;5
2019-11-10;7;10;8;21;3
2019-11-13;32;42;17;91;9
2019-11-14;16;28;9;53;5
2019-11-29;24;33;14;70;7
2019-12-08;16;22;16;47;12
2019-12-18;24;30;19;67;9
2019-12-23;17;28;11;54;7
2019-12-25;14;21;15;41;11
2019-12-28;20;29;35;59;29
2019-12-29;5;18;37;26;33
2019-12-31;19;28;37;58;32
2020-01-01;12;22;37;41;33
2020-01-02;34;33;39;85;32
2020-01-07;45;35;37;104;28
2020-01-08;55;37;42;121;31
2020-01-10;33;31;39;81;24
2020-01-13;54;39;41;122;27
2020-01-17;22;29;30;63;16
2020-01-20;8;8;4;19;3
2020-01-21;19;24;44;53;31
2020-01-22;8;16;38;28;25
2020-01-23;;;63;;33
2020-01-27;;;17;;10
2020-02-07;48;56;36;130;25
2020-02-12;36;39;34;93;25
2020-02-16;11;25;49;42;46
2020-02-17;37;40;61;97;54
2020-02-18;19;36;24;65;20
2020-02-20;38;40;26;98;20
2020-02-21;41;43;37;106;30
2020-02-29;9;20;55;34;23
2020-03-01;7;10;20;20;11
2020-03-06;16;23;13;47;6
2020-03-10;26;48;24;88;14
2020-03-12;31;52;33;99;29
2020-03-15;8;12;13;24;11
2020-03-16;17;27;6;53;5
2020-03-17;19;25;19;55;18
2020-03-20;9;16;17;29;15
2020-03-24;7;8;16;19;13
2020-03-31;10;13;4;28;4
2020-04-03;7;18;11;28;9
2020-04-11;6;15;19;24;18
2020-04-14;7;14;10;24;9
2020-04-16;9;18;19;32;17
2020-04-17;8;23;18;35;16
2020-04-18;7;16;17;26;16
2020-04-19;6;13;5;22;5
2020-04-23;7;22;9;32;8
2020-04-24;10;24;12;39;10
2020-04-25;6;15;10;24;9
2020-04-27;14;18;8;38;7
2020-05-03;7;13;3;24;2
2020-05-04;13;18;5;37;3
2020-05-09;5;7;2;15;1
2020-05-11;6;9;7;17;4
2020-05-17;5;6;11;14;8
2020-05-18;7;16;18;27;11
2020-05-19;8;26;23;39;14
2020-05-21;8;23;18;35;11
2020-05-23;5;13;;21;
2020-05-26;7;15;4;25;2
2020-05-28;5;13;3;21;1
2020-06-01;8;19;11;31;5
2020-06-14;6;15;13;24;7
2020-06-15;8;24;18;37;9
2020-06-17;8;22;12;35;7
2020-06-20;7;16;12;27;9
2020-06-21;5;14;12;22;9
2020-06-28;6;15;17;24;12
2020-06-30;8;21;23;34;12
2020-07-02;11;28;26;44;14
2020-07-08;13;34;28;55;11
2020-07-15;11;38;26;55;11
2020-07-16;9;33;24;46;9
2020-07-17;9;28;25;43;10
2020-07-20;9;24;28;37;11
2020-07-23;14;45;23;66;8
2020-07-24;9;30;24;45;9
2020-07-27;10;35;28;51;11
2020-08-03;8;20;13;31;6
2020-08-05;9;24;11;38;7
2020-08-07;11;38;7;55;4
2020-08-08;8;31;9;43;4
2020-08-14;6;20;9;30;8
2020-08-16;8;25;5;37;5
2020-08-19;10;36;5;51;4
2020-08-20;10;27;4;42;3
2020-08-22;7;21;7;31;6
2020-08-25;12;25;5;44;4
2020-08-27;10;30;5;46;4
2020-08-29;9;21;4;34;4
2020-08-31;13;33;2;54;2
2020-09-01;12;38;3;55;2
2020-09-02;10;31;3;46;2
2020-09-07;9;24;3;38;3
2020-09-08;12;35;3;53;3
2020-09-09;10;34;5;50;4
2020-09-11;12;37;6;56;5
2020-09-15;10;38;9;53;8
2020-09-16;11;31;13;49;12
2020-09-19;12;22;3;40;2
2020-09-26;11;15;2;31;2
2020-09-27;6;14;3;22;2
2020-09-28;15;35;3;58;3
2020-10-05;12;35;2;54;2
2020-10-08;20;45;4;74;4
2020-10-09;8;22;4;34;4
2020-10-12;7;20;2;29;2
2020-10-13;22;44;3;77;2
2020-10-14;18;56;4;84;4
2020-10-16;16;46;5;71;5
2020-10-17;7;29;6;40;5
2020-10-20;20;43;6;73;5
2020-10-22;26;72;9;111;9
2020-11-08;17;46;4;73;4
2020-11-14;23;52;15;87;14
2020-11-16;22;41;3;75;3
2020-11-17;22;41;5;75;5
2020-11-21;11;40;5;56;5
2020-11-24;;;9;;9
2020-11-26;;;5;;5
2020-11-28;;;4;;4
2020-12-01;;;7;;6
2020-12-03;25;56;4;94;4
2020-12-10;16;35;2;59;2
2020-12-11;10;22;1;37;1
2020-12-13;7;21;4;31;4
2020-12-14;65;34;9;133;9
2020-12-18;46;35;9;105;9
2020-12-19;17;26;8;52;8
2020-12-20;11;24;5;41;4
2020-12-22;38;30;9;87;9
2020-12-28;14;21;2;42;2
2020-12-31;15;15;6;39;5
2021-01-01;5;8;2;16;2
2021-01-03;8;10;3;22;2
2021-01-04;15;14;5;36;5
2021-01-05;37;21;9;77;8
2021-01-08;7;14;5;24;4
2021-01-09;11;15;4;32;3
2021-01-16;21;23;5;56;5
2021-01-18;29;26;6;70;5
2021-01-22;5;7;1;15;1
2021-01-24;5;5;1;12;1
2021-01-26;26;22;4;63;4
2021-01-28;20;18;3;49;3
2021-02-01;8;8;2;20;1
2021-02-02;12;14;2;31;2
2021-02-04;19;19;10;49;9
2021-02-17;10;19;38;35;37
2021-02-22;10;13;6;28;5
2021-02-25;20;26;31;56;30
2021-02-26;12;21;33;39;32
2021-03-01;5;11;25;19;24
2021-03-02;6;14;35;22;34
2021-03-04;8;15;49;28;48
2021-03-08;10;14;17;28;16
2021-03-10;13;18;26;37;25
2021-03-15;11;20;10;37;9
2021-03-21;6;9;12;18;11
2021-03-29;14;14;13;35;12
2021-03-30;14;17;22;39;21
2021-03-31;21;21;35;54;34
2021-04-01;17;20;24;46;23
2021-04-03;11;21;24;37;23
2021-04-10;8;16;15;27;14
2021-04-14;6;15;6;24;5
2021-04-15;6;13;11;23;10
2021-04-20;10;15;23;30;22
2021-04-22;6;11;13;20;12
2021-04-23;8;11;15;23;14
2021-04-26;6;13;17;23;16
2021-04-29;17;18;17;44;16
2021-04-30;10;16;19;31;18
2021-05-01;6;10;13;19;12
2021-05-05;13;16;15;35;14
2021-05-06;16;18;20;43;19
2021-05-09;6;9;36;18;35
2021-05-13;13;14;7;34;5
2021-05-14;10;12;7;28;5
2021-05-21;10;12;11;26;10
2021-05-22;5;6;16;14;15
2021-05-24;10;11;8;27;7
2021-05-31;10;13;9;29;8
2021-06-01;7;13;14;24;13
2021-06-07;14;13;;35;
2021-06-08;5;9;29;17;17
2021-06-10;8;10;18;22;9
2021-06-13;6;13;25;22;15
2021-06-17;9;16;25;29;12
2021-06-19;5;7;32;15;15
2021-06-20;8;9;20;21;9
2021-06-22;9;11;19;25;6
2021-06-23;6;7;14;16;6
2021-06-24;6;7;14;16;5
2021-06-25;11;12;18;29;6
2021-07-01;11;8;21;24;9
2021-07-02;8;9;;22;
2021-07-09;2;6;20;8;9
2021-07-11;1;4;17;5;7
2021-07-12;9;12;40;26;11
2021-07-15;2;8;21;10;8
2021-07-16;4;10;23;15;10
2021-07-20;2;10;24;12;11
2021-07-26;1;5;22;6;9
2021-07-30;3;9;32;13;17
2021-08-01;1;1;11;3;5
2021-08-09;1;4;24;5;9
2021-08-10;4;17;;21;
2021-08-11;1;10;;11;
2021-08-14;3;16;71;20;26
2021-08-16;1;5;47;7;19
2021-08-17;1;6;29;7;11
2021-08-18;2;4;32;6;12
2021-08-19;1;4;25;6;12
2021-08-20;2;7;;10;
2021-08-26;6;13;24;22;11
2021-08-27;6;24;36;33;16
2021-08-30;3;10;20;15;9
2021-08-31;5;11;22;19;10
2021-09-01;5;12;23;19;10
2021-09-02;4;12;21;17;9
2021-09-04;2;6;43;8;26
2021-09-05;6;9;39;17;26
2021-09-06;8;17;;29;
2021-09-12;2;3;22;5;11
2021-09-18;2;11;32;14;14
2021-09-19;2;7;16;9;7
2021-09-21;4;6;11;11;4
2021-09-24;1;11;29;12;13
2021-09-28;7;17;32;26;18
2021-10-01;3;13;29;17;18
2021-10-03;1;4;22;6;13
2021-10-04;3;16;14;20;5
2021-10-06;10;14;20;28;8
2021-10-08;3;13;24;17;10
2021-10-09;3;6;21;10;9
2021-10-10;1;2;20;3;9
2021-10-12;3;8;22;11;12
2021-10-13;4;15;27;20;12
2021-10-18;6;16;29;24;16
2021-10-21;20;23;40;53;16
2021-10-26;9;17;31;30;14
2021-10-27;6;19;32;27;18
2021-11-13;5;21;29;29;16
2021-11-16;12;31;29;49;11
2021-11-17;6;25;28;33;11
2021-11-18;6;19;26;27;12
2021-11-19;1;10;21;12;11
2021-11-23;7;20;;30;
2021-11-24;5;17;;25;
2021-11-26;8;20;;33;
2021-11-30;29;42;;86;
2021-12-01;15;30;;53;
2021-12-02;13;18;14;37;4
2021-12-03;18;36;22;63;8
2021-12-05;4;10;;15;
2021-12-06;6;12;;21;
2021-12-09;6;13;;23;
2021-12-15;23;43;;79;
2021-12-22;15;36;50;58;33
2021-12-26;6;12;8;21;4
2021-12-31;39;47;41;107;26
2022-01-01;15;29;44;51;36
2022-01-03;33;44;53;95;41
2022-01-09;6;11;13;20;5
2022-01-11;10;35;22;50;10
2022-01-12;10;27;18;42;8
2022-01-13;18;29;21;56;11
2022-01-16;9;26;20;39;13
2022-01-18;29;49;37;93;22
2022-01-20;35;50;38;104;23
2022-01-23;5;19;21;27;16
2022-01-24;5;25;20;33;13
2022-01-26;23;41;29;77;15
2022-01-30;16;45;31;68;19
2022-02-04;23;44;55;79;37
2022-02-05;17;48;52;74;33
2022-02-14;10;24;25;40;9
2022-02-19;4;16;34;21;15
2022-02-26;9;27;27;41;13
2022-03-05;5;19;23;26;11
2022-03-08;17;30;;56;
2022-03-09;12;25;28;43;15
2022-03-12;4;17;20;23;12
2022-03-13;6;20;29;29;16
2022-03-15;5;11;64;18;32
2022-03-18;5;13;41;20;24
2022-03-19;6;16;74;25;56
2022-03-20;6;14;42;24;23
2022-03-22;2;9;28;12;14
2022-03-23;2;9;24;11;12
2022-03-24;1;11;11;13;8
2022-03-25;1;11;29;12;18
2022-03-29;7;21;66;32;28
2022-04-02;2;9;11;12;5
2022-04-05;2;12;20;14;9
2022-04-07;3;12;16;17;7
2022-04-09;2;9;14;12;6
2022-04-14;2;11;24;13;11
2022-04-19;2;10;23;12;14
2022-04-27;7;31;37;43;17
2022-04-30;3;21;32;25;17
2022-05-01;1;12;32;14;18
2022-05-03;2;16;11;19;8
2022-05-07;3;15;21;19;10
2022-05-09;4;18;;24;
2022-05-15;3;12;28;16;14
2022-05-18;5;15;42;22;22
2022-05-23;5;17;32;24;12
2022-05-25;3;13;13;17;4
2022-05-29;2;11;25;14;10
2022-06-01;2;11;32;14;18
2022-06-03;2;9;30;12;16
2022-06-04;3;13;32;17;17
2022-06-06;4;12;24;18;11
2022-06-08;3;15;35;20;20
2022-06-10;3;12;25;16;12
2022-06-13;4;17;24;24;8
2022-06-15;3;16;28;20;10
2022-06-19;1;7;32;8;15
2022-06-29;3;12;26;17;12
2022-07-01;2;8;24;11;10
2022-07-09;2;12;19;14;9
2022-07-11;3;17;26;21;10
2022-07-12;3;20;23;24;9
2022-07-13;5;21;31;28;12
2022-07-16;3;17;28;22;13
2022-07-19;4;17;31;23;16
2022-07-25;3;14;33;18;17
2022-07-27;2;10;30;13;14
2022-07-28;4;12;39;18;16
2022-08-01;2;11;;14;
2022-08-03;2;13;36;16;12
2022-08-09;2;10;25;13;11
2022-08-18;3;14;38;18;25
2022-08-22;2;10;18;13;8
2022-08-23;2;11;19;14;8
2022-08-25;2;9;20;12;8
2022-08-31;5;14;56;21;20
2022-09-01;3;11;42;15;17
2022-09-07;8;22;32;33;10
2022-09-10;2;10;18;13;7
2022-09-12;3;11;22;16;9
2022-09-13;5;17;31;24;13
2022-09-21;6;34;20;42;9
2022-09-22;2;24;19;27;10
2022-09-24;2;22;22;25;11
2022-09-26;6;27;15;35;6
2022-09-27;6;33;16;41;6
2022-10-07;5;30;22;37;10
2022-10-08;5;24;26;31;12
2022-10-09;5;20;;28;
2022-10-12;2;17;21;20;11
2022-10-13;9;32;26;45;13
2022-10-15;7;42;27;53;15
2022-10-20;5;33;66;42;28
2022-10-21;8;31;34;43;14
2022-10-25;12;47;44;66;19
2022-11-01;4;24;36;30;18
2022-11-05;7;36;18;46;7
2022-11-07;8;42;24;54;10
2022-11-10;7;28;17;39;6
2022-11-13;5;25;22;32;12
2022-11-16;5;21;8;29;3
2022-11-19;6;26;10;35;4
2022-11-20;5;20;8;27;4
2022-11-21;6;20;9;29;3
2022-11-23;5;15;7;23;3
2022-11-24;20;39;13;69;6
2022-11-26;11;41;20;57;10
2022-11-27;7;37;18;47;11
2022-12-04;4;32;20;38;13
2022-12-09;20;48;16;78;8
2022-12-11;4;24;10;30;7
2022-12-12;28;41;25;84;14
2022-12-19;20;44;23;74;15
2023-01-08;4;16;9;23;4
2023-01-13;37;56;31;112;14
2023-01-14;10;35;17;50;10
2023-01-17;3;15;20;19;4
2023-01-21;11;24;13;40;6
2023-01-25;14;42;26;64;11
2023-01-27;14;50;20;70;9
2023-01-28;5;33;16;41;8
2023-01-30;15;41;22;63;12
2023-02-15;3;39;20;44;12
2023-02-22;18;53;55;80;36
2023-02-23;19;46;66;75;38
2023-02-25;37;52;18;108;10
2023-02-28;31;44;18;91;7
2023-03-01;13;36;;56;
2023-03-02;20;48;;78;
2023-03-03;13;49;;68;
2023-03-04;6;32;;40;
2023-03-05;5;28;29;35;18
2023-03-09;6;24;15;33;6
2023-03-11;4;18;22;23;10
2023-03-13;14;37;;59;
2023-03-18;6;34;37;42;22
2023-03-19;9;33;48;46;33
2023-03-22;9;36;;49;
2023-03-25;3;30;28;35;17
2023-03-26;7;28;19;38;7
2023-03-27;5;25;17;32;6
2023-03-28;7;34;26;44;11
2023-04-01;2;18;31;22;12
2023-04-02;2;11;12;13;3
2023-04-06;7;31;21;41;9
2023-04-07;3;19;19;23;8
2023-04-08;2;18;23;20;11
2023-04-09;2;18;18;21;10
2023-04-10;2;17;25;20;16
2023-04-12;3;26;28;30;9
2023-04-16;2;14;15;16;5
2023-04-23;3;24;24;28;14
2023-04-24;4;24;20;30;11
2023-04-26;2;18;23;21;14
2023-04-30;2;18;18;21;9
2023-05-02;5;26;20;33;8
2023-05-04;6;26;23;35;10
2023-05-06;3;19;25;22;12
2023-05-07;2;16;20;18;9
2023-05-10;;;22;;9
2023-05-11;3;20;19;24;7
2023-05-15;5;26;;34;
2023-05-17;5;22;23;30;9
2023-05-18;6;21;21;30;9
2023-05-19;4;22;20;29;9
2023-05-22;3;14;18;19;10
2023-05-24;9;32;24;45;14
2023-05-25;11;30;27;47;15
2023-05-27;4;19;34;24;19
2023-06-04;4;16;15;22;9
2023-06-07;6;25;17;35;8
2023-06-10;5;22;19;29;9
2023-06-13;6;28;20;38;9
2023-06-15;8;35;24;47;12
2023-06-16;4;25;24;31;13
2023-06-22;7;28;13;38;6
2023-06-25;5;24;26;32;13
2023-06-27;4;20;20;27;11
2023-07-02;5;19;;26;
2023-07-09;4;14;28;19;15
2023-07-13;4;16;34;23;16
2023-07-16;3;10;31;14;14
2023-07-18;6;22;38;31;18
2023-07-21;5;20;38;28;18
2023-07-24;8;30;45;42;19
2023-07-27;5;20;24;27;10
2023-07-30;3;11;29;16;12
2023-08-01;4;19;31;26;14
2023-08-02;6;29;36;37;16
2023-08-04;4;16;24;23;6
2023-08-07;4;15;23;21;9
2023-08-09;6;21;22;29;9
2023-08-10;5;22;41;29;13
2023-08-16;3;14;25;19;13
2023-08-22;6;37;45;46;16
2023-08-24;6;36;44;45;18
2023-08-25;6;28;39;37;18
2023-08-27;3;11;15;15;7
2023-08-28;7;23;12;34;4
2023-08-30;5;20;16;28;6
2023-08-31;6;20;17;29;7
2023-09-02;3;12;14;17;7
2023-09-03;3;8;25;13;12
2023-09-04;4;13;43;19;17
2023-09-07;5;21;21;29;11
2023-09-13;7;19;19;29;9
2023-09-15;4;21;14;27;7
2023-09-16;4;15;27;20;11
2023-09-17;3;16;34;21;15
2023-09-18;7;30;16;41;7
2023-09-22;6;23;14;32;5
2023-09-23;4;18;15;24;6
2023-09-30;6;38;26;46;12
2023-10-01;7;27;21;37;10
2023-10-02;6;23;22;32;11
2023-10-09;5;18;26;25;17
2023-10-10;7;28;24;38;12
2023-10-11;7;28;25;38;13
2023-10-13;6;27;28;37;15
2023-10-14;5;29;32;37;16
2023-10-17;8;28;31;40;16
2023-10-20;4;14;12;20;4
2023-10-21;4;21;11;27;4
2023-10-23;6;24;14;33;5
2023-10-25;7;22;10;33;4
2023-10-26;5;14;11;22;4
2023-10-27;6;23;12;32;4
2023-10-28;4;15;9;21;4
2023-10-31;10;39;20;54;8
2023-11-03;5;14;11;22;3
2023-11-06;7;23;12;33;5
2023-11-12;7;16;9;27;4
2023-11-15;14;37;24;59;9
2023-11-17;20;49;30;81;14
2023-11-22;9;31;22;45;6
2023-11-28;9;22;21;35;9
2023-11-30;9;24;20;38;4
2023-12-02;5;22;13;29;5
2023-12-03;6;29;14;38;7
2023-12-04;11;30;11;47;5
2023-12-06;6;30;19;40;12
2023-12-12;24;38;17;75;6
2023-12-15;32;61;27;110;11
2023-12-16;8;34;18;47;9
2023-12-17;6;28;18;37;10
2023-12-20;16;40;25;65;9
2023-12-23;11;46;19;62;10
2023-12-26;44;58;32;126;16
2024-01-08;11;33;14;49;5
2024-01-11;7;26;15;37;8
2024-01-12;16;40;25;64;13
2024-01-16;8;23;25;35;8
2024-01-20;4;21;15;28;7
2024-01-22;20;39;22;69;13
2024-01-23;22;43;22;76;13
2024-01-24;33;52;32;102;18
2024-01-25;44;62;48;129;30
2024-01-30;11;40;35;57;21
2024-02-01;22;43;35;75;22
2024-02-06;33;61;46;112;24
2024-02-07;7;26;31;37;13
2024-02-08;7;23;28;33;12
2024-02-11;4;12;6;19;3
2024-02-13;12;35;18;53;8
2024-02-14;25;60;30;98;16
2024-02-15;20;38;26;68;15
2024-02-17;5;31;13;39;7
2024-02-20;13;39;20;59;9
2024-02-22;12;31;27;49;12
2024-02-24;4;15;7;22;4
2024-02-28;10;36;18;52;6
2024-03-07;7;24;;35;
2024-03-11;7;24;;34;
2024-03-12;9;31;;45;
2024-03-16;9;33;52;47;24
2024-03-17;12;35;49;54;33
2024-03-20;4;21;31;27;20
2024-03-22;12;35;37;53;19
2024-03-23;7;34;42;44;19
2024-03-27;6;14;;23;
2024-03-29;6;17;11;26;4
2024-03-30;6;19;8;28;4
2024-04-01;4;11;4;18;2
2024-04-02;7;27;13;37;5
2024-04-05;6;28;25;38;14
2024-04-09;5;18;12;25;3
2024-04-16;4;21;28;28;12
2024-04-18;8;28;23;39;9
2024-04-19;4;20;18;27;8
2024-04-21;3;15;15;21;7
2024-04-22;4;15;18;21;8
2024-04-24;5;19;16;26;5
2024-04-27;4;21;18;27;9
2024-05-06;10;22;15;36;5
2024-05-10;7;26;19;37;8
2024-05-11;5;19;14;26;7
2024-05-16;5;19;19;27;6
2024-05-20;6;17;15;25;7
2024-05-23;4;17;16;24;7
2024-05-26;3;9;18;14;10
2024-05-28;4;13;18;18;8
2024-05-31;3;14;19;19;8
2024-06-08;3;13;27;17;10
2024-06-10;4;16;17;23;7
2024-06-17;4;12;;18;
2024-06-18;4;13;;19;
2024-06-19;8;18;25;30;9
2024-06-22;4;11;16;16;6
2024-06-24;3;9;13;14;6
2024-06-26;3;7;13;12;6
2024-07-03;6;15;20;25;9
2024-07-05;3;10;17;15;8
2024-07-07;2;6;14;9;7
2024-07-08;3;8;17;13;8
2024-07-13;2;6;22;10;11
2024-07-15;5;12;30;21;16
2024-07-20;5;13;29;20;12
2024-07-24;3;9;21;14;9
2024-07-25;3;8;19;13;8
2024-07-27;3;9;23;14;14
2024-08-02;3;9;37;14;17
2024-08-04;3;6;26;10;14
2024-08-07;3;8;22;13;10
2024-08-11;3;6;18;10;8
2024-08-19;3;9;25;14;16
2024-08-23;3;9;31;13;23
2024-08-24;3;8;29;12;22
2024-08-28;3;7;19;11;8
2024-08-29;2;7;19;11;8
2024-09-01;2;6;26;9;14
2024-09-03;3;9;36;14;16
2024-09-05;4;11;19;17;7
2024-09-08;4;9;33;15;12
2024-09-11;3;8;28;12;12
2024-09-13;3;9;21;13;7
2024-09-17;4;12;29;18;10
2024-09-18;2;10;20;13;9
2024-09-19;3;12;17;17;8
2024-09-20;5;14;25;21;12
2024-09-21;2;9;19;12;10
2024-09-23;6;12;32;21;19
2024-09-25;7;13;30;23;11
2024-10-01;4;14;29;21;11
2024-10-02;10;17;46;33;13
2024-10-05;3;11;25;16;11
2024-10-06;6;11;66;20;26
2024-10-08;7;15;25;26;7
2024-10-09;2;5;21;8;7
2024-10-12;2;13;32;16;18
2024-10-18;6;15;22;23;8
2024-11-02;4;12;28;18;12
2024-11-06;4;15;55;20;28
2024-11-10;7;17;44;29;15
2024-11-12;6;17;45;26;12
2024-11-13;4;14;17;21;7
2024-11-16;6;22;44;32;18
2024-11-23;2;19;29;22;13
2024-12-02;80;40;120;163;47
2024-12-03;23;28;58;64;24
2024-12-04;11;31;47;48;18
2024-12-05;27;46;58;87;17
2024-12-08;3;10;20;14;5
2024-12-11;5;22;18;30;7
2024-12-18;59;47;83;138;28
2024-12-19;5;21;86;28;23
2024-12-20;11;34;39;51;12
2024-12-21;10;32;38;47;13
2024-12-23;2;13;32;17;7
2024-12-24;23;38;42;74;15
2024-12-28;8;25;33;37;19
2025-01-03;11;32;30;49;11
2025-01-04;6;27;25;36;11
2025-01-05;4;19;33;26;15
2025-01-09;7;20;24;30;8
2025-01-11;3;11;18;15;6
2025-01-12;2;9;21;11;7
2025-01-17;4;19;19;25;9
2025-01-23;8;28;32;39;10
2025-01-24;12;29;30;47;11
2025-01-29;6;21;23;29;8
2025-01-30;6;18;23;27;7
2025-01-31;5;21;20;29;7
2025-02-01;4;20;21;25;11
2025-02-08;4;23;26;29;15
2025-02-10;14;27;30;49;14
2025-02-11;12;28;28;47;13
2025-02-20;8;23;43;35;26
2025-02-28;8;23;33;36;16
